-- phpMyAdmin SQL Dump
-- version 4.5.1
-- http://www.phpmyadmin.net
--
-- Host: 127.0.0.1
-- Generation Time: Feb 12, 2017 at 04:15 PM
-- Server version: 10.1.19-MariaDB
-- PHP Version: 5.6.28

SET SQL_MODE = "NO_AUTO_VALUE_ON_ZERO";
SET time_zone = "+00:00";


/*!40101 SET @OLD_CHARACTER_SET_CLIENT=@@CHARACTER_SET_CLIENT */;
/*!40101 SET @OLD_CHARACTER_SET_RESULTS=@@CHARACTER_SET_RESULTS */;
/*!40101 SET @OLD_COLLATION_CONNECTION=@@COLLATION_CONNECTION */;
/*!40101 SET NAMES utf8mb4 */;

--
-- Database: `ukom2017_141510300`
--

-- --------------------------------------------------------

--
-- Table structure for table `tbl_buku`
--

CREATE TABLE `tbl_buku` (
  `id_buku` int(11) NOT NULL,
  `id_kategori` int(11) NOT NULL,
  `judul` varchar(255) NOT NULL,
  `cover` varchar(255) NOT NULL,
  `noisbn` varchar(255) NOT NULL,
  `penulis` varchar(255) NOT NULL,
  `penerbit` varchar(255) NOT NULL,
  `tahun` year(4) NOT NULL,
  `stok` int(11) NOT NULL DEFAULT '0',
  `harga_pokok` double NOT NULL,
  `harga_jual` double NOT NULL,
  `ppn` decimal(4,2) NOT NULL,
  `diskon` decimal(5,2) NOT NULL,
  `create` datetime NOT NULL,
  `update` datetime DEFAULT NULL,
  `delete` datetime DEFAULT NULL
) ENGINE=InnoDB DEFAULT CHARSET=latin1;

--
-- Dumping data for table `tbl_buku`
--

INSERT INTO `tbl_buku` (`id_buku`, `id_kategori`, `judul`, `cover`, `noisbn`, `penulis`, `penerbit`, `tahun`, `stok`, `harga_pokok`, `harga_jual`, `ppn`, `diskon`, `create`, `update`, `delete`) VALUES
(1, 1, 'Perempuan dan Hak Warisnya', 'file_1485270573.jpg', '9786021683040', 'Prof. Dr. Thaha Dasuqi Hubaisyi', 'Tatban ', 2016, 3, 45000, 47025, '0.10', '0.95', '2017-01-19 22:46:52', '2017-01-29 11:52:27', NULL),
(2, 2, 'Keajaiban Operasi Plastik Korea Selatan', 'file_1485270481.jpg', '9789790561564', 'Agnes Davonar', 'Falcon ', 2016, 40, 50000, 49500, '0.10', '0.90', '2017-01-19 23:08:06', '2017-01-29 12:35:38', NULL),
(3, 3, 'Kreatif Mengolah Oncom, Tempe & Tahu ', 'file_1485270541.jpg', '9789790822764', 'Kirana Wijaya', 'Demedia Pustaka ', 2016, 0, 65000, 71500, '0.10', '1.00', '2017-01-20 08:22:49', '2017-01-29 11:54:55', NULL),
(4, 4, 'Kamus Sains - Panduan Praktis Berbagai Istilah Ilmu Pengetahuan dan Teknologi  ', 'file_1485273614.jpg', '9797752224', 'Wahyu Untara', 'Indonesia Tera ', 2014, 8, 46500, 51150, '0.10', '1.00', '2017-01-24 23:00:14', '2017-01-29 11:55:41', NULL),
(25, 5, 'The Best Of Catatan Dodol Calon Dokter', 'file_1485274489.jpg', '9786022201984', 'Ferdiriva Hamzah', 'Bukune ', 2016, 9, 90000, 89100, '0.10', '0.90', '2017-01-24 23:14:49', '2017-02-09 18:53:32', NULL),
(37, 1, 'Sejarah Daulah Umawiyah & Abbasiyah', 'file_1485282575.jpg', '9786027637542', 'Dr. Ali Muhammad Ash-Shallabi', 'UMMUL QURO', 2017, 27, 55000, 57475, '0.10', '0.95', '2017-01-25 01:29:35', '2017-01-29 11:57:41', NULL),
(39, 16, 'LC: Lucky Luke - Sang Pengawal  ', 'file_1485317952.jpg', '9786020281278', 'Morris', 'Elex Media Komputindo ', 2016, 7, 20000, 22000, '0.10', '1.00', '2017-01-25 11:19:12', '2017-01-29 12:37:05', NULL),
(40, 3, 'CharPao the Next Level Bakpao Lezat dengan Aneka Karakter Lucu', 'file_1485318317.jpg', '9786020295091', 'Diana Cahya', 'Elex Media Komputindo ', 2016, 8, 35000, 28875, '0.10', '0.75', '2017-01-25 11:25:17', '2017-02-04 01:35:52', NULL),
(42, 2, 'Nabi Saja Suka Buah', 'file_1485318771.jpg', '9789790390133', 'Dr. Sunardi', 'AQWAM MEDIKA ', 2015, 10, 40000, 41800, '0.10', '0.95', '2017-01-25 11:32:51', '2017-01-29 11:58:42', NULL),
(43, 20, 'Indonesian Muslimah Fashion Blogger Now', 'file_1485670979.jpg', '9786020310374', 'Ade Aprilia', 'Gramedia Pustaka Utama ', 2016, 1, 150000, 156750, '0.10', '0.95', '2017-01-29 13:22:59', '2017-02-12 15:52:32', NULL),
(44, 23, 'Ayah Ibu Baik - Parenting Era Digital', 'file_1486147479.jpg', '97860238803171', 'Ir. Jarot Wijanarko, N.Pd & Ir. Ester Setiawati, M.Pd.', 'Happy Holy Kids', 2016, 10, 50000, 55000, '0.10', '1.00', '2017-02-04 01:44:39', '2017-02-10 23:15:27', NULL),
(45, 1, 'Juz Amma & Al-Ma Tsurat', 'file_1486263972.jpg', '9786020297538', 'Tim Quanta', 'Elex Media Komputindo', 2017, 9, 95000, 104500, '0.10', '1.00', '2017-02-05 10:06:12', '2017-02-05 10:08:23', NULL),
(46, 24, 'Berfilsafat Itu Gampang', 'file_1486525974.jpg', '9786027696204', 'Dr. Fuad Farid Ismail & Dr. Abdul Hamid Mutawalli', 'IRCiSoD', 2018, 4, 60000, 62700, '0.10', '0.95', '2017-02-08 10:52:54', '2017-02-12 15:52:38', NULL),
(47, 25, 'Seri Buku TEMPO: GIE dan Surat-surat yang Tersembunyi', 'file_1486531145.jpg', '591601289', 'TEMPO', 'Kpg ', 2016, 82, 50000, 55000, '0.10', '1.00', '2017-02-08 12:19:05', '2017-02-08 12:20:18', NULL),
(48, 28, 'Business Start Up Primbon ', 'file_1486743396.jpg', '9786021951378', 'HELMY YAHYA', 'Papyrus Publishing ', 2017, 15, 200000, 209000, '0.10', '0.95', '2017-02-10 23:16:36', NULL, NULL),
(49, 2, 'Sayangi Janin Anda', 'file_1486744882.jpg', '9786024070892', 'Siti Nur Khamzah', 'Laksana ', 2017, 2, 35000, 38500, '0.10', '1.00', '2017-02-10 23:41:22', '2017-02-10 23:43:18', NULL),
(50, 1, 'Tuntunan Shalat Nabi  ', 'file_1486908266.jpg', '9789791531641', 'Asy-Syaikh Muhammad Nashiruddin Al-Albani', 'Ash-Shaf Media ', 2016, 0, 33000, 32670, '0.10', '0.90', '2017-02-12 21:04:26', '2017-02-12 21:11:24', NULL);

-- --------------------------------------------------------

--
-- Table structure for table `tbl_diskon`
--

CREATE TABLE `tbl_diskon` (
  `diskon` decimal(5,2) NOT NULL,
  `create` datetime NOT NULL,
  `update` datetime DEFAULT NULL,
  `delete` datetime DEFAULT NULL
) ENGINE=InnoDB DEFAULT CHARSET=latin1;

--
-- Dumping data for table `tbl_diskon`
--

INSERT INTO `tbl_diskon` (`diskon`, `create`, `update`, `delete`) VALUES
('0.40', '2017-02-04 01:39:29', NULL, NULL),
('0.50', '2017-01-19 07:36:15', NULL, NULL),
('0.55', '2017-01-19 07:36:47', NULL, NULL),
('0.60', '2017-01-19 07:36:15', NULL, NULL),
('0.65', '2017-01-19 07:34:59', NULL, NULL),
('0.70', '2017-01-19 07:34:59', NULL, NULL),
('0.73', '2017-02-08 12:21:06', NULL, NULL),
('0.75', '2017-01-19 07:34:59', NULL, NULL),
('0.77', '2017-02-10 23:19:21', NULL, NULL),
('0.80', '2017-01-19 07:34:20', NULL, NULL),
('0.81', '2017-02-10 23:44:00', NULL, NULL),
('0.83', '2017-02-08 10:48:56', NULL, NULL),
('0.85', '2017-01-19 07:34:20', NULL, NULL),
('0.90', '2017-01-19 07:33:27', NULL, NULL),
('0.91', '2017-02-12 21:07:42', NULL, NULL),
('0.93', '2017-02-05 10:02:30', NULL, NULL),
('0.95', '2017-01-19 07:33:06', NULL, NULL),
('1.00', '2017-01-24 21:39:19', NULL, NULL);

-- --------------------------------------------------------

--
-- Table structure for table `tbl_distributor`
--

CREATE TABLE `tbl_distributor` (
  `id_distributor` int(11) NOT NULL,
  `nama_distributor` varchar(255) NOT NULL,
  `alamat` varchar(255) NOT NULL,
  `telepon` varchar(15) NOT NULL,
  `create` datetime NOT NULL,
  `update` datetime DEFAULT NULL,
  `delete` datetime DEFAULT NULL
) ENGINE=InnoDB DEFAULT CHARSET=latin1;

--
-- Dumping data for table `tbl_distributor`
--

INSERT INTO `tbl_distributor` (`id_distributor`, `nama_distributor`, `alamat`, `telepon`, `create`, `update`, `delete`) VALUES
(1, 'Gramedia Asri Media', 'Perintis Building, 4th Floor, Jl. Kebahagiaan No. 4-14, Jakarta Barat, DKI Jakarta', '0212601234', '2017-01-18 23:59:56', '2017-02-09 18:56:15', NULL),
(2, 'Gramedia Asri Media, PT [Yogyakarta Branch]', 'Jl. Jend. Sudirman No. 54-56, Yogyakarta, DI Yogyakarta', '0274512621', '2017-01-19 23:09:55', NULL, NULL),
(5, 'Express, CV', 'Jl. Ahmad Jais No. 7, Surabaya, Jawa Timur 60274', '0315342319', '2017-01-24 01:41:10', NULL, NULL),
(7, 'Distributor Buku Kita [Jabodetabek]', ' Jl. Kelapa Hijau No. 22 Rt 006/03 Jagakarsa, Jakarta Selatan 12620 Indonesia', '02178881850', '2017-01-24 01:47:19', NULL, NULL),
(8, 'Distributor dan Toko Buku Setia Kawan', 'Jl. Kramat Raya No.3L, RT.4/RW.2, Kramat, Senen, Kota Jakarta Pusat, Daerah Khusus Ibukota Jakarta 10450', '0213155242', '2017-01-25 01:39:54', '2017-01-25 20:54:26', NULL),
(10, 'Pro-U Media', 'Jalan. kwitang, No. 06, RT.5/RW.10, Bungur, Senen, Kota Jakarta Pusat, Daerah Khusus Ibukota Jakarta 10460', '0213912345', '2017-02-08 11:03:55', '2017-02-08 11:04:35', NULL),
(11, 'AgroMedia', 'JL. Moh. Kahfi 2, No. 13-14 RT 013 RW 09, Jagakarsa, 12630, RT.5/RW.4, Ciganjur, Jagakarsa, Kota Jakarta Selatan, Daerah Khusus Ibukota Jakarta 12630', '02178881000', '2017-02-08 12:24:02', '2017-02-08 12:24:50', NULL);

-- --------------------------------------------------------

--
-- Table structure for table `tbl_kasir`
--

CREATE TABLE `tbl_kasir` (
  `id_kasir` int(11) NOT NULL,
  `nama` varchar(255) NOT NULL,
  `alamat` varchar(255) NOT NULL,
  `telepon` varchar(20) NOT NULL,
  `status` enum('Aktif','Tidak Aktif') NOT NULL,
  `username` varchar(255) NOT NULL,
  `password` varchar(255) NOT NULL,
  `akses` enum('Admin','Kasir','Petugas') NOT NULL,
  `create` datetime NOT NULL,
  `update` datetime DEFAULT NULL,
  `delete` datetime DEFAULT NULL
) ENGINE=InnoDB DEFAULT CHARSET=latin1;

--
-- Dumping data for table `tbl_kasir`
--

INSERT INTO `tbl_kasir` (`id_kasir`, `nama`, `alamat`, `telepon`, `status`, `username`, `password`, `akses`, `create`, `update`, `delete`) VALUES
(1, 'Muhammad Rifqi', 'Jalan Jatibarang 7 No. 48, Pulogadung, Jakarta Timur', '08999764787', 'Aktif', 'rifqi@cashier', '2f8b2dbb9565e31772a0f5ffe9736064', 'Kasir', '2017-01-19 22:56:31', '2017-01-25 20:06:14', NULL),
(17, 'Fariz Yarham', 'Jalan Letnan Arsyad Raya, No. 20 RT 05/20, Kayuringin Jaya, Bekasi Selatan', '085760008130', 'Aktif', 'fariz@cashier', '76c64f96f8e344cfdbad5a0bba5bb3d5', 'Kasir', '2017-01-24 15:37:38', NULL, '2017-01-24 15:46:02'),
(18, 'Admin', 'Jalan Beringin 3, RT 10/05, Kranji, Bekasi Barat', '08998246948', 'Aktif', 'admin@admin', 'a3175a452c7a8fea80c62a198a40f6c9', 'Admin', '2017-01-25 01:42:36', '2017-01-29 12:00:04', NULL),
(20, 'Tsabit Ghazwan', 'Jalan Wijaya Kusuma 8, RT 05/02, Jakasampurna, Bekasi Barat', '08876673612', 'Aktif', 'tsabit@cashier', '82f957dff7d5f50dbd76e6165597622c', 'Kasir', '2017-01-29 21:06:00', '2017-02-01 05:10:00', NULL),
(21, 'Nabilah Ratna Ayu', 'Jalan Hanjuang 7 No. 89 RT 03/02, Jatibening, Bekasi Selatan', '081387892290', 'Aktif', 'nabilah@cashier', '895dee36b101ae8ad0ec0709b896a9f8', 'Kasir', '2017-02-04 00:57:08', '2017-02-05 09:06:03', NULL),
(24, 'Ian Andri', 'Jl. Mas Koki Raya RT 05/10, Jati, Pulo Gadung, Kota Jakarta Timur', '081976781290', 'Aktif', 'ian@officer', '3e1af117ca769d8b57351e628a43f4d0', 'Petugas', '2017-02-05 09:39:33', NULL, NULL),
(25, 'Sulthan', 'Jalan Lapangan Bola, Bekasi Barat, Kranji', '08788985870', 'Aktif', 'sulthan@cashier', 'e8f18905f21c7fbc2df6df13974a9a5b', 'Kasir', '2017-02-08 11:27:36', '2017-02-08 12:04:00', NULL),
(26, 'Enggar Damar', 'Jalan Cemara Raya No. 48, Bekasi Barat', '081905678372', 'Aktif', 'enggar@officer', '3334b714524f43dcc440f777f80aa805', 'Petugas', '2017-02-08 11:37:43', '2017-02-09 19:00:42', NULL),
(27, 'Master Dadi', 'Jalan Rahasia, Pondok Ungu Permai, Kab. Bekasi', '087888890901', 'Tidak Aktif', 'dadi@cashier', 'db86f7466f68d3fd60c5106cbba27b3a', 'Kasir', '2017-02-08 12:28:26', '2017-02-09 18:47:12', NULL),
(28, 'Rimansyah', 'Jalan Raya Setu, Bekasi Selatan', '087876257197', 'Aktif', 'riman@cashier', 'e57d0641d01d78553e01727568097974', 'Kasir', '2017-02-10 23:01:35', '2017-02-10 23:21:54', NULL),
(29, 'Ilham Dwi', 'Penggarutan RT 02/06 Kec.Taruma Jaya', '083872900596', 'Aktif', 'ilham@cashier', '5968409e6c022dabfb3ab8da2ed8b3a0', 'Kasir', '2017-02-12 11:26:40', NULL, NULL);

-- --------------------------------------------------------

--
-- Table structure for table `tbl_kategori`
--

CREATE TABLE `tbl_kategori` (
  `id_kategori` int(11) NOT NULL,
  `kategori` varchar(255) NOT NULL,
  `create` datetime NOT NULL,
  `update` datetime DEFAULT NULL,
  `delete` datetime DEFAULT NULL
) ENGINE=InnoDB DEFAULT CHARSET=latin1;

--
-- Dumping data for table `tbl_kategori`
--

INSERT INTO `tbl_kategori` (`id_kategori`, `kategori`, `create`, `update`, `delete`) VALUES
(1, 'Agama', '2017-01-19 22:42:32', NULL, NULL),
(2, 'Kesehatan dan Lingkungan', '2017-01-19 23:00:48', NULL, NULL),
(3, 'Masakan dan Makanan', '2017-01-20 08:06:58', NULL, NULL),
(4, 'Sains dan Teknologi', '2017-01-23 23:58:07', NULL, NULL),
(5, 'Humor', '2017-01-24 00:00:06', NULL, NULL),
(6, 'Sejarah dan Budaya', '2017-01-25 01:32:04', '2017-01-25 10:19:46', NULL),
(16, 'Komik', '2017-01-25 11:15:45', '2017-01-25 20:29:20', NULL),
(20, 'Busana dan Kecantikan', '2017-01-29 13:20:32', '2017-01-29 13:20:40', NULL),
(23, 'Orang Tua dan Keluarga', '2017-02-04 01:42:38', NULL, NULL),
(24, 'Sastra dan Filsafat', '2017-02-08 10:48:18', '2017-02-08 10:48:35', NULL),
(25, 'Biografi dan Memoar', '2017-02-08 12:12:21', '2017-02-08 12:17:05', NULL),
(28, 'Ekonomi dan Manajemen', '2017-02-10 23:11:26', '2017-02-10 23:18:41', NULL);

-- --------------------------------------------------------

--
-- Table structure for table `tbl_pasok`
--

CREATE TABLE `tbl_pasok` (
  `id_pasok` int(11) NOT NULL,
  `id_distributor` int(11) NOT NULL,
  `id_buku` int(11) NOT NULL,
  `jumlah` int(11) NOT NULL,
  `tanggal` datetime NOT NULL,
  `create` datetime NOT NULL,
  `update` datetime DEFAULT NULL,
  `delete` datetime DEFAULT NULL
) ENGINE=InnoDB DEFAULT CHARSET=latin1;

--
-- Dumping data for table `tbl_pasok`
--

INSERT INTO `tbl_pasok` (`id_pasok`, `id_distributor`, `id_buku`, `jumlah`, `tanggal`, `create`, `update`, `delete`) VALUES
(18, 1, 1, 21, '2017-01-27 23:23:23', '2017-01-27 23:23:23', NULL, NULL),
(19, 1, 42, 60, '2017-02-09 07:20:12', '2017-02-09 07:20:12', NULL, NULL),
(20, 5, 2, 50, '2017-02-01 00:00:00', '2017-02-01 00:00:00', '2017-01-28 00:37:41', NULL),
(21, 2, 4, 25, '2017-01-28 00:10:22', '2017-01-28 00:10:22', NULL, NULL),
(22, 8, 37, 40, '2017-01-28 18:56:01', '2017-01-28 18:56:01', NULL, NULL),
(23, 1, 3, 10, '2017-01-28 18:56:26', '2017-01-28 18:56:26', NULL, NULL),
(24, 7, 40, 5, '2017-01-28 18:56:54', '2017-01-28 18:56:54', NULL, NULL),
(25, 1, 25, 20, '2017-01-29 12:31:08', '2017-01-29 12:31:08', NULL, NULL),
(26, 7, 39, 15, '2017-01-29 12:31:22', '2017-01-29 12:31:22', NULL, NULL),
(27, 7, 39, 6, '2017-01-29 12:36:25', '2017-01-29 12:36:25', '2017-01-29 12:37:21', NULL),
(28, 1, 42, 5, '2017-01-29 13:04:28', '2017-01-29 13:04:28', NULL, NULL),
(29, 1, 42, 12, '2017-01-29 13:05:16', '2017-01-29 13:05:16', NULL, NULL),
(30, 1, 43, 5, '2017-01-29 13:23:28', '2017-01-29 13:23:28', NULL, NULL),
(31, 7, 40, 1, '2017-01-30 21:20:10', '2017-01-30 21:20:10', '2017-01-30 21:34:06', NULL),
(32, 7, 40, 19, '2017-02-04 01:35:18', '2017-02-04 01:35:18', '2017-02-04 01:35:52', NULL),
(33, 2, 44, 3, '2017-02-05 10:00:29', '2017-02-05 10:00:29', '2017-02-05 10:01:07', NULL),
(34, 1, 45, 10, '2017-02-05 10:09:31', '2017-02-05 10:09:31', NULL, NULL),
(35, 10, 46, 3, '2017-02-08 11:20:40', '2017-02-08 11:20:40', '2017-02-08 11:38:27', NULL),
(36, 1, 42, 3, '2017-02-08 11:39:44', '2017-02-08 11:39:44', NULL, NULL),
(37, 1, 47, 90, '2017-02-08 12:21:28', '2017-02-08 12:21:28', '2017-02-09 07:22:47', NULL),
(38, 2, 44, 10, '2017-02-08 12:33:15', '2017-02-08 12:33:15', '2017-02-08 12:33:55', NULL),
(39, 1, 3, 5, '2017-02-09 19:17:36', '2017-02-09 19:17:36', '2017-02-09 19:18:07', NULL),
(40, 10, 48, 20, '2017-02-10 23:20:11', '2017-02-10 23:20:11', '2017-02-10 23:20:34', NULL),
(41, 5, 49, 3, '2017-02-10 23:42:53', '2017-02-10 23:42:53', '2017-02-10 23:43:18', NULL),
(42, 2, 44, 10, '2017-02-10 23:48:54', '2017-02-10 23:48:54', NULL, NULL),
(43, 2, 2, 5, '2017-02-12 13:10:30', '2017-02-12 13:10:30', NULL, NULL),
(44, 1, 46, 2, '2017-02-12 15:51:51', '2017-02-12 15:51:51', '2017-02-12 15:52:38', NULL),
(45, 5, 43, 2, '2017-02-12 15:52:02', '2017-02-12 15:52:02', '2017-02-12 15:52:32', NULL),
(46, 11, 50, 2, '2017-02-12 21:07:07', '2017-02-12 21:07:07', '2017-02-12 21:11:24', NULL),
(47, 10, 1, 2, '2017-02-12 21:12:09', '2017-02-12 21:12:09', NULL, NULL);

--
-- Triggers `tbl_pasok`
--
DELIMITER $$
CREATE TRIGGER `update_tambah_kurang_stok_buku` AFTER UPDATE ON `tbl_pasok` FOR EACH ROW BEGIN
IF OLD.jumlah < NEW.jumlah
THEN
UPDATE tbl_buku SET stok = (stok+(NEW.jumlah-OLD.jumlah))
WHERE id_buku = NEW.id_buku;
ELSEIF OLD.jumlah > NEW.jumlah
THEN 
UPDATE tbl_buku SET stok = (stok-(OLD.jumlah-NEW.jumlah)),
`tbl_buku`.`update` = now()
WHERE id_buku = NEW.id_buku;
END if;
END
$$
DELIMITER ;
DELIMITER $$
CREATE TRIGGER `update_tambah_stok_buku` AFTER INSERT ON `tbl_pasok` FOR EACH ROW BEGIN
UPDATE tbl_buku SET stok = (stok+(NEW.jumlah))
WHERE id_buku = NEW.id_buku;
END
$$
DELIMITER ;

-- --------------------------------------------------------

--
-- Table structure for table `tbl_penjualan`
--

CREATE TABLE `tbl_penjualan` (
  `id_penjualan` int(11) NOT NULL,
  `no_referensi` varchar(8) NOT NULL,
  `id_kasir` int(11) NOT NULL,
  `tanggal` datetime NOT NULL,
  `create` datetime NOT NULL,
  `update` datetime DEFAULT NULL,
  `delete` datetime DEFAULT NULL
) ENGINE=InnoDB DEFAULT CHARSET=latin1;

--
-- Dumping data for table `tbl_penjualan`
--

INSERT INTO `tbl_penjualan` (`id_penjualan`, `no_referensi`, `id_kasir`, `tanggal`, `create`, `update`, `delete`) VALUES
(6, 'ABCD1234', 1, '2017-01-29 12:10:37', '2017-01-29 12:10:37', NULL, NULL),
(7, 'WXYZ1234', 1, '2017-01-02 09:00:00', '2017-01-02 09:00:00', NULL, NULL),
(9, 'EFGH1234', 1, '2017-01-01 11:00:00', '2017-01-01 11:00:00', NULL, NULL),
(10, 'IJKL1234', 17, '2017-02-03 12:00:00', '2017-03-03 12:00:00', NULL, NULL),
(11, 'CVBN4321', 20, '2017-02-01 11:42:58', '2017-02-01 11:42:58', NULL, NULL),
(22, 'ZTGZZ6SZ', 17, '2017-02-04 00:43:21', '0000-00-00 00:00:00', NULL, NULL),
(27, '281Y94YA', 21, '2017-02-04 01:07:23', '2017-02-04 01:07:23', NULL, NULL),
(34, 'ZEGMZOVV', 1, '2017-02-04 01:21:28', '2017-02-04 01:21:28', NULL, NULL),
(35, 'FWBGR6PZ', 20, '2017-02-04 02:05:01', '2017-02-04 02:05:01', NULL, NULL),
(43, 'X50JGMKE', 20, '2017-02-04 22:37:34', '2017-02-04 22:37:34', NULL, NULL),
(75, 'CRV64Y0F', 1, '2017-02-04 23:26:35', '2017-02-04 23:26:35', NULL, NULL),
(80, '35GMWZB2', 17, '2017-02-05 00:06:05', '2017-02-05 00:06:05', NULL, NULL),
(81, 'THX8AVVZ', 21, '2017-02-05 10:10:47', '2017-02-05 10:10:47', NULL, NULL),
(82, 'W121EJ9R', 20, '2017-02-08 09:53:33', '2017-02-08 09:53:33', NULL, NULL),
(83, 'NDN7ZN7C', 20, '2017-02-08 09:55:01', '2017-02-08 09:55:01', NULL, NULL),
(84, 'Z0RHVA67', 17, '2017-02-08 10:13:59', '2017-02-08 10:13:59', NULL, NULL),
(85, '0KVSZB4K', 25, '2017-02-08 12:06:30', '2017-02-08 12:06:30', NULL, NULL),
(86, 'K0OOWGH4', 27, '2017-02-08 12:35:19', '2017-02-08 12:35:19', NULL, NULL),
(87, 'VG8DMN0O', 20, '2017-02-08 16:31:19', '2017-02-08 16:31:19', NULL, NULL),
(88, 'OWS56ONO', 25, '2017-02-08 16:32:39', '2017-02-08 16:32:39', NULL, NULL),
(91, '8XE28WPT', 20, '2017-02-09 08:28:44', '2017-02-09 08:28:44', NULL, NULL),
(92, 'ZCMXVYFP', 17, '2017-02-09 09:06:31', '2017-02-09 09:06:31', NULL, NULL),
(93, 'CNHM6Z2E', 25, '2017-02-09 23:08:51', '2017-02-09 23:08:51', NULL, NULL),
(94, 'AEN1HYKM', 20, '2017-02-10 02:43:36', '2017-02-10 02:43:36', NULL, NULL),
(95, '9DPXZHVZ', 25, '2017-02-10 03:01:52', '2017-02-10 03:01:52', NULL, NULL),
(96, '3XOZ3FSZ', 25, '2017-02-10 03:07:25', '2017-02-10 03:07:25', NULL, NULL),
(97, 'PZD81ARP', 17, '2017-02-10 03:08:48', '2017-02-10 03:08:48', NULL, NULL),
(98, 'SFOHZT3F', 20, '2017-02-10 05:27:43', '2017-02-10 05:27:43', NULL, NULL),
(99, '1DV1VMRT', 25, '2017-02-10 18:54:24', '2017-02-10 18:54:24', NULL, NULL),
(100, '1MDJ627V', 28, '2017-02-10 23:07:03', '2017-02-10 23:07:03', NULL, NULL),
(101, 'PMDS8JOY', 1, '2017-02-10 23:45:44', '2017-02-10 23:45:44', NULL, NULL),
(102, 'PYZAT5Y4', 28, '2017-02-10 23:58:58', '2017-02-10 23:58:58', NULL, NULL),
(103, 'M1XGM0FY', 29, '2017-02-12 11:28:33', '2017-02-12 11:28:33', NULL, NULL),
(104, '752T7G3Y', 29, '2017-02-12 11:29:12', '2017-02-12 11:29:12', NULL, NULL),
(105, 'BX2PEPCC', 20, '2017-02-12 15:04:39', '2017-02-12 15:04:39', NULL, NULL),
(106, 'EFY48K1V', 20, '2017-02-12 15:08:41', '2017-02-12 15:08:41', NULL, NULL),
(107, 'CDT93FZZ', 20, '2017-02-12 15:09:11', '2017-02-12 15:09:11', NULL, NULL),
(108, '09JFKHTB', 29, '2017-02-12 15:13:05', '2017-02-12 15:13:05', NULL, NULL),
(109, '5M74HKEE', 17, '2017-02-12 21:13:26', '2017-02-12 21:13:26', NULL, NULL),
(110, 'KE3JHVPZ', 17, '2017-02-12 21:14:53', '2017-02-12 21:14:53', NULL, NULL),
(111, 'VFA3CKP0', 17, '2017-02-12 21:15:50', '2017-02-12 21:15:50', NULL, NULL),
(112, 'HYA7ZVGF', 17, '2017-02-12 21:16:37', '2017-02-12 21:16:37', NULL, NULL),
(113, 'PBVM7ZXM', 17, '2017-02-12 21:18:29', '2017-02-12 21:18:29', NULL, NULL),
(114, 'Y1N17J8N', 17, '2017-02-12 21:20:39', '2017-02-12 21:20:39', NULL, NULL),
(115, 'TN17NFPE', 17, '2017-02-12 21:22:49', '2017-02-12 21:22:49', NULL, NULL),
(116, 'PZKAWT9V', 17, '2017-02-12 21:23:33', '2017-02-12 21:23:33', NULL, NULL),
(117, 'VAZO4YKS', 17, '2017-02-12 21:23:47', '2017-02-12 21:23:47', NULL, NULL),
(118, 'M94DWEVE', 17, '2017-02-12 21:24:08', '2017-02-12 21:24:08', NULL, NULL),
(119, 'ZWXVB04T', 17, '2017-02-12 21:24:33', '2017-02-12 21:24:33', NULL, NULL),
(120, 'CSAOFHYW', 17, '2017-02-12 21:25:33', '2017-02-12 21:25:33', NULL, NULL),
(121, 'HEMHOE8F', 20, '2017-02-12 21:26:41', '2017-02-12 21:26:41', NULL, NULL),
(122, '3G811K0C', 20, '2017-02-12 21:26:51', '2017-02-12 21:26:51', NULL, NULL),
(123, 'CO9T6AHV', 20, '2017-02-12 21:27:25', '2017-02-12 21:27:25', NULL, NULL),
(124, 'RRWT0T2J', 20, '2017-02-12 21:27:49', '2017-02-12 21:27:49', NULL, NULL),
(125, 'H1BGGAMY', 20, '2017-02-12 21:28:29', '2017-02-12 21:28:29', NULL, NULL),
(126, 'Z1W85XXS', 25, '2017-02-12 21:29:51', '2017-02-12 21:29:51', NULL, NULL),
(127, 'B55O14DM', 25, '2017-02-12 21:30:20', '2017-02-12 21:30:20', NULL, NULL),
(128, 'SK9HN1BD', 20, '2017-02-12 21:33:02', '2017-02-12 21:33:02', NULL, NULL),
(129, 'F367P3YG', 20, '2017-02-12 21:34:49', '2017-02-12 21:34:49', NULL, NULL),
(130, '4P5PPZ7T', 20, '2017-02-12 21:35:43', '2017-02-12 21:35:43', NULL, NULL),
(131, 'T7WK47AM', 20, '2017-02-12 21:37:42', '2017-02-12 21:37:42', NULL, NULL),
(132, '7HD3HEBN', 20, '2017-02-12 21:38:27', '2017-02-12 21:38:27', NULL, NULL),
(133, '48M1XVJK', 20, '2017-02-12 21:39:14', '2017-02-12 21:39:14', NULL, NULL),
(134, 'BZ6OGZS3', 20, '2017-02-12 21:41:13', '2017-02-12 21:41:13', NULL, NULL),
(135, 'BKXAK6D6', 20, '2017-02-12 21:42:21', '2017-02-12 21:42:21', NULL, NULL),
(136, 'VPS3Z93Z', 20, '2017-02-12 21:44:03', '2017-02-12 21:44:03', NULL, NULL),
(137, '4BNB2ZWW', 20, '2017-02-12 21:44:45', '2017-02-12 21:44:45', NULL, NULL),
(138, 'MYEKCK3E', 20, '2017-02-12 21:46:10', '2017-02-12 21:46:10', NULL, NULL),
(139, 'D79ZZFFH', 20, '2017-02-12 21:46:51', '2017-02-12 21:46:51', NULL, NULL),
(140, 'GY1KDK40', 20, '2017-02-12 21:48:13', '2017-02-12 21:48:13', NULL, NULL),
(141, 'MYAVXRJ7', 20, '2017-02-12 21:49:03', '2017-02-12 21:49:03', NULL, NULL),
(142, 'PHMYCJAO', 20, '2017-02-12 21:49:09', '2017-02-12 21:49:09', NULL, NULL),
(143, 'P2NTDWY0', 20, '2017-02-12 21:57:18', '2017-02-12 21:57:18', NULL, NULL),
(144, 'WXGV41MJ', 20, '2017-02-12 22:01:31', '2017-02-12 22:01:31', NULL, NULL);

-- --------------------------------------------------------

--
-- Table structure for table `tbl_penjualan_detail`
--

CREATE TABLE `tbl_penjualan_detail` (
  `id_penjualan_detail` int(11) NOT NULL,
  `id_penjualan` int(11) NOT NULL,
  `id_buku` int(11) NOT NULL,
  `jumlah` int(11) NOT NULL,
  `subtotal` double NOT NULL,
  `create` datetime NOT NULL,
  `update` datetime DEFAULT NULL,
  `delete` datetime DEFAULT NULL
) ENGINE=InnoDB DEFAULT CHARSET=latin1;

--
-- Dumping data for table `tbl_penjualan_detail`
--

INSERT INTO `tbl_penjualan_detail` (`id_penjualan_detail`, `id_penjualan`, `id_buku`, `jumlah`, `subtotal`, `create`, `update`, `delete`) VALUES
(6, 6, 2, 1, 49500, '2017-01-29 12:13:48', NULL, NULL),
(7, 6, 39, 2, 44000, '2017-01-29 12:13:48', NULL, NULL),
(8, 7, 25, 1, 89100, '2017-01-29 12:14:57', NULL, NULL),
(9, 7, 3, 1, 71500, '2017-01-29 12:14:57', NULL, NULL),
(11, 9, 40, 1, 28875, '2017-01-29 12:16:46', NULL, NULL),
(12, 9, 39, 5, 110000, '2017-01-29 12:38:16', NULL, NULL),
(13, 9, 42, 58, 2424400, '2017-01-29 12:52:04', NULL, NULL),
(14, 10, 40, 3, 86625, '2017-01-29 13:08:59', NULL, NULL),
(16, 11, 43, 4, 627000, '2017-02-01 11:53:31', NULL, NULL),
(17, 11, 2, 1, 49500, '2017-02-04 00:00:00', NULL, NULL),
(18, 11, 4, 1, 51150, '2017-02-04 00:00:00', NULL, NULL),
(19, 11, 42, 1, 41800, '2017-02-04 00:04:22', NULL, NULL),
(20, 11, 3, 1, 71500, '2017-02-04 00:33:29', NULL, NULL),
(21, 11, 1, 1, 47025, '2017-02-04 00:33:29', NULL, NULL),
(30, 22, 40, 1, 28875, '2017-02-04 00:43:21', NULL, NULL),
(31, 22, 25, 1, 89100, '2017-02-04 00:43:21', NULL, NULL),
(36, 27, 4, 2, 102300, '2017-02-04 01:07:23', NULL, NULL),
(37, 27, 37, 1, 57475, '2017-02-04 01:07:23', NULL, NULL),
(38, 27, 40, 1, 28875, '2017-02-04 01:07:23', NULL, NULL),
(39, 34, 43, 1, 156750, '2017-02-04 01:21:28', NULL, NULL),
(40, 34, 3, 1, 71500, '2017-02-04 01:21:28', NULL, NULL),
(41, 34, 39, 2, 44000, '2017-02-04 01:21:28', NULL, NULL),
(42, 35, 4, 1, 51150, '2017-02-04 02:05:01', NULL, NULL),
(43, 35, 42, 2, 83600, '2017-02-04 02:05:01', NULL, NULL),
(44, 43, 3, 1, 71500, '2017-02-04 22:37:34', NULL, NULL),
(45, 43, 42, 2, 83600, '2017-02-04 22:37:34', NULL, NULL),
(46, 75, 1, 1, 47025, '2017-02-04 23:26:35', NULL, NULL),
(47, 75, 2, 1, 49500, '2017-02-04 23:26:35', NULL, NULL),
(48, 75, 3, 1, 71500, '2017-02-04 23:26:35', NULL, NULL),
(49, 75, 4, 1, 51150, '2017-02-04 23:26:35', NULL, NULL),
(50, 75, 25, 1, 89100, '2017-02-04 23:26:35', NULL, NULL),
(51, 75, 37, 1, 57475, '2017-02-04 23:26:35', NULL, NULL),
(52, 75, 39, 1, 22000, '2017-02-04 23:26:35', NULL, NULL),
(53, 75, 40, 1, 28875, '2017-02-04 23:26:35', NULL, NULL),
(54, 75, 42, 1, 41800, '2017-02-04 23:26:35', NULL, NULL),
(55, 80, 39, 1, 22000, '2017-02-05 00:06:05', NULL, NULL),
(56, 81, 45, 1, 104500, '2017-02-05 10:10:47', NULL, NULL),
(57, 82, 1, 2, 94050, '2017-02-08 09:53:33', NULL, NULL),
(58, 82, 2, 1, 49500, '2017-02-08 09:53:33', NULL, NULL),
(59, 83, 44, 1, 55000, '2017-02-08 09:55:01', NULL, NULL),
(60, 84, 2, 2, 99000, '2017-02-08 10:13:59', NULL, NULL),
(61, 85, 44, 2, 110000, '2017-02-08 12:06:30', NULL, NULL),
(62, 85, 39, 1, 22000, '2017-02-08 12:06:30', NULL, NULL),
(63, 85, 40, 1, 28875, '2017-02-08 12:06:30', NULL, NULL),
(64, 86, 46, 1, 62700, '2017-02-08 12:35:19', NULL, NULL),
(65, 86, 47, 2, 110000, '2017-02-08 12:35:19', NULL, NULL),
(66, 87, 2, 1, 49500, '2017-02-08 16:31:19', NULL, NULL),
(67, 87, 3, 2, 143000, '2017-02-08 16:31:19', NULL, NULL),
(68, 88, 3, 1, 71500, '2017-02-08 16:32:39', NULL, NULL),
(69, 91, 1, 1, 47025, '2017-02-09 08:28:44', NULL, NULL),
(70, 92, 2, 1, 49500, '2017-02-09 09:06:31', NULL, NULL),
(71, 92, 44, 2, 110000, '2017-02-09 09:06:31', NULL, NULL),
(72, 93, 47, 1, 55000, '2017-02-09 23:08:51', NULL, NULL),
(73, 94, 42, 2, 83600, '2017-02-10 02:43:36', NULL, NULL),
(74, 95, 39, 1, 22000, '2017-02-10 03:01:52', NULL, NULL),
(75, 95, 44, 2, 110000, '2017-02-10 03:01:52', NULL, NULL),
(76, 96, 37, 1, 57475, '2017-02-10 03:07:25', NULL, NULL),
(77, 97, 3, 2, 143000, '2017-02-10 03:08:48', NULL, NULL),
(78, 98, 42, 1, 41800, '2017-02-10 05:27:43', NULL, NULL),
(79, 99, 1, 1, 47025, '2017-02-10 18:54:24', NULL, NULL),
(80, 99, 2, 2, 99000, '2017-02-10 18:54:24', NULL, NULL),
(81, 100, 44, 4, 220000, '2017-02-10 23:07:03', NULL, NULL),
(82, 100, 40, 2, 57750, '2017-02-10 23:07:03', NULL, NULL),
(83, 101, 47, 3, 165000, '2017-02-10 23:45:44', NULL, NULL),
(84, 101, 48, 1, 209000, '2017-02-10 23:45:44', NULL, NULL),
(85, 102, 1, 1, 47025, '2017-02-10 23:58:58', NULL, NULL),
(86, 102, 39, 3, 66000, '2017-02-10 23:58:58', NULL, NULL),
(87, 103, 1, 2, 94050, '2017-02-12 11:28:33', NULL, NULL),
(88, 103, 2, 1, 49500, '2017-02-12 11:28:33', NULL, NULL),
(89, 104, 4, 1, 51150, '2017-02-12 11:29:12', NULL, NULL),
(90, 105, 1, 1, 47025, '2017-02-12 15:04:39', NULL, NULL),
(91, 106, 1, 1, 47025, '2017-02-12 15:08:41', NULL, NULL),
(92, 107, 2, 2, 99000, '2017-02-12 15:09:11', NULL, NULL),
(93, 108, 3, 4, 286000, '2017-02-12 15:13:05', NULL, NULL),
(94, 109, 3, 1, 71500, '2017-02-12 21:13:26', NULL, NULL),
(95, 109, 50, 2, 65340, '2017-02-12 21:13:26', NULL, NULL),
(96, 110, 3, 1, 71500, '2017-02-12 21:14:53', NULL, NULL),
(97, 110, 50, 2, 65340, '2017-02-12 21:14:53', NULL, NULL),
(98, 111, 3, 1, 71500, '2017-02-12 21:15:50', NULL, NULL),
(99, 112, 1, 3, 141075, '2017-02-12 21:16:37', NULL, NULL),
(100, 113, 4, 2, 102300, '2017-02-12 21:18:29', NULL, NULL),
(101, 114, 25, 4, 356400, '2017-02-12 21:20:39', NULL, NULL),
(102, 115, 4, 2, 102300, '2017-02-12 21:22:49', NULL, NULL),
(103, 116, 25, 2, 178200, '2017-02-12 21:23:33', NULL, NULL),
(104, 117, 25, 1, 89100, '2017-02-12 21:23:47', NULL, NULL),
(105, 118, 25, 1, 89100, '2017-02-12 21:24:08', NULL, NULL),
(106, 118, 2, 1, 49500, '2017-02-12 21:24:08', NULL, NULL),
(107, 119, 40, 1, 28875, '2017-02-12 21:24:33', NULL, NULL),
(108, 120, 40, 1, 28875, '2017-02-12 21:25:33', NULL, NULL),
(109, 122, 37, 2, 114950, '2017-02-12 21:26:51', NULL, NULL),
(110, 123, 37, 2, 114950, '2017-02-12 21:27:25', NULL, NULL),
(111, 123, 40, 3, 86625, '2017-02-12 21:27:25', NULL, NULL),
(112, 124, 40, 2, 57750, '2017-02-12 21:27:49', NULL, NULL),
(113, 125, 2, 1, 49500, '2017-02-12 21:28:29', NULL, NULL),
(114, 127, 37, 1, 57475, '2017-02-12 21:30:20', NULL, NULL),
(115, 128, 4, 3, 153450, '2017-02-12 21:33:02', NULL, NULL),
(116, 129, 4, 1, 51150, '2017-02-12 21:34:49', NULL, NULL),
(117, 130, 1, 3, 141075, '2017-02-12 21:35:43', NULL, NULL),
(118, 131, 49, 1, 38500, '2017-02-12 21:37:42', NULL, NULL),
(119, 132, 48, 1, 209000, '2017-02-12 21:38:27', NULL, NULL),
(120, 133, 48, 1, 209000, '2017-02-12 21:39:14', NULL, NULL),
(121, 133, 48, 1, 209000, '2017-02-12 21:39:14', NULL, NULL),
(122, 133, 47, 1, 55000, '2017-02-12 21:39:14', NULL, NULL),
(123, 134, 48, 1, 209000, '2017-02-12 21:41:13', NULL, NULL),
(124, 135, 47, 1, 55000, '2017-02-12 21:42:21', NULL, NULL),
(125, 137, 44, 2, 110000, '2017-02-12 21:44:45', NULL, NULL),
(126, 138, 42, 1, 41800, '2017-02-12 21:46:10', NULL, NULL),
(127, 139, 42, 1, 41800, '2017-02-12 21:46:51', NULL, NULL),
(128, 140, 43, 1, 156750, '2017-02-12 21:48:13', NULL, NULL),
(129, 141, 37, 2, 114950, '2017-02-12 21:49:03', NULL, NULL),
(130, 141, 1, 1, 47025, '2017-02-12 21:53:19', NULL, NULL),
(131, 143, 4, 1, 51150, '2017-02-12 21:57:18', NULL, NULL),
(132, 143, 25, 1, 89100, '2017-02-12 21:57:18', NULL, NULL),
(133, 144, 4, 1, 51150, '2017-02-12 22:01:31', NULL, NULL);

--
-- Triggers `tbl_penjualan_detail`
--
DELIMITER $$
CREATE TRIGGER `update_kurang_stok_buku` AFTER INSERT ON `tbl_penjualan_detail` FOR EACH ROW BEGIN
UPDATE tbl_buku as a set stok = stok - NEW.jumlah
WHERE a.id_buku = NEW.id_buku and a.id_buku > 0 && NEW.jumlah <= a.stok;
END
$$
DELIMITER ;

-- --------------------------------------------------------

--
-- Stand-in structure for view `v_penjualan`
--
CREATE TABLE `v_penjualan` (
`id_penjualan` int(11)
,`no_referensi` varchar(8)
,`id_kasir` int(11)
,`nama` varchar(255)
,`tanggal` datetime
,`total` double
,`delete` datetime
);

-- --------------------------------------------------------

--
-- Stand-in structure for view `v_totalpasok`
--
CREATE TABLE `v_totalpasok` (
`total_pasok` decimal(32,0)
,`tahun` int(4)
,`bulan` varchar(9)
,`no_bulan` int(2)
);

-- --------------------------------------------------------

--
-- Stand-in structure for view `v_untung_hari_perbuku`
--
CREATE TABLE `v_untung_hari_perbuku` (
`keuntungan` decimal(45,0)
,`tahun` int(4)
,`bulan` varchar(9)
,`no_bulan` int(2)
,`tanggal` int(2)
,`hari` varchar(9)
);

-- --------------------------------------------------------

--
-- Stand-in structure for view `v_profit_perbulan`
--
CREATE TABLE `v_profit_perbulan` (
`tahun` int(4)
,`bulan` varchar(9)
,`no_bulan` int(2)
,`keuntungan` decimal(45,0)
);

-- --------------------------------------------------------

--
-- Stand-in structure for view `v_profit_perhari`
--
CREATE TABLE `v_profit_perhari` (
`keuntungan` decimal(65,0)
,`tahun` int(4)
,`bulan` varchar(9)
,`no_bulan` int(2)
,`tanggal` int(2)
,`hari` varchar(9)
);

-- --------------------------------------------------------

--
-- Stand-in structure for view `v_untung_perpenjualan`
--
CREATE TABLE `v_untung_perpenjualan` (
`id_penjualan` int(11)
,`id_penjualan_detail` int(11)
,`id_buku` int(11)
,`jumlah` int(11)
,`tanggal` datetime
,`untung_perbuku` double
);

-- --------------------------------------------------------

--
-- Structure for view `v_penjualan`
--
DROP TABLE IF EXISTS `v_penjualan`;

CREATE ALGORITHM=UNDEFINED DEFINER=`root`@`localhost` SQL SECURITY DEFINER VIEW `v_penjualan`  AS  select `a`.`id_penjualan` AS `id_penjualan`,`a`.`no_referensi` AS `no_referensi`,`b`.`id_kasir` AS `id_kasir`,`b`.`nama` AS `nama`,`a`.`tanggal` AS `tanggal`,sum(`c`.`subtotal`) AS `total`,`a`.`delete` AS `delete` from ((`tbl_penjualan` `a` join `tbl_penjualan_detail` `c` on((`a`.`id_penjualan` = `c`.`id_penjualan`))) join `tbl_kasir` `b` on((`a`.`id_kasir` = `b`.`id_kasir`))) group by `a`.`id_penjualan` order by `a`.`tanggal` desc ;

-- --------------------------------------------------------

--
-- Structure for view `v_totalpasok`
--
DROP TABLE IF EXISTS `v_totalpasok`;

CREATE ALGORITHM=UNDEFINED DEFINER=`root`@`localhost` SQL SECURITY DEFINER VIEW `v_totalpasok`  AS  select sum(`a`.`jumlah`) AS `total_pasok`,year(`a`.`tanggal`) AS `tahun`,monthname(`a`.`tanggal`) AS `bulan`,month(`a`.`tanggal`) AS `no_bulan` from `tbl_pasok` `a` group by monthname(`a`.`tanggal`),year(`a`.`tanggal`) order by month(`a`.`tanggal`) ;

-- --------------------------------------------------------

--
-- Structure for view `v_untung_hari_perbuku`
--
DROP TABLE IF EXISTS `v_untung_hari_perbuku`;

CREATE ALGORITHM=UNDEFINED DEFINER=`root`@`localhost` SQL SECURITY DEFINER VIEW `v_untung_hari_perbuku`  AS  select sum(cast((`a`.`untung_perbuku` * `a`.`jumlah`) as unsigned)) AS `keuntungan`,year(`a`.`tanggal`) AS `tahun`,monthname(`a`.`tanggal`) AS `bulan`,month(`a`.`tanggal`) AS `no_bulan`,dayofmonth(`a`.`tanggal`) AS `tanggal`,dayname(`a`.`tanggal`) AS `hari` from `v_untung_perpenjualan` `a` group by monthname(`a`.`tanggal`),year(`a`.`tanggal`),`a`.`tanggal` order by month(`a`.`tanggal`),dayofmonth(`a`.`tanggal`) ;

-- --------------------------------------------------------

--
-- Structure for view `v_profit_perbulan`
--
DROP TABLE IF EXISTS `v_profit_perbulan`;

CREATE ALGORITHM=UNDEFINED DEFINER=`root`@`localhost` SQL SECURITY DEFINER VIEW `v_profit_perbulan`  AS  select year(`a`.`tanggal`) AS `tahun`,monthname(`a`.`tanggal`) AS `bulan`,month(`a`.`tanggal`) AS `no_bulan`,sum(cast((`a`.`untung_perbuku` * `a`.`jumlah`) as unsigned)) AS `keuntungan` from `v_untung_perpenjualan` `a` group by monthname(`a`.`tanggal`),year(`a`.`tanggal`) order by month(`a`.`tanggal`) ;

-- --------------------------------------------------------

--
-- Structure for view `v_profit_perhari`
--
DROP TABLE IF EXISTS `v_profit_perhari`;

CREATE ALGORITHM=UNDEFINED DEFINER=`root`@`localhost` SQL SECURITY DEFINER VIEW `v_profit_perhari`  AS  select sum(`a`.`keuntungan`) AS `keuntungan`,`a`.`tahun` AS `tahun`,`a`.`bulan` AS `bulan`,`a`.`no_bulan` AS `no_bulan`,`a`.`tanggal` AS `tanggal`,`a`.`hari` AS `hari` from `v_untung_hari_perbuku` `a` group by `a`.`bulan`,`a`.`tahun`,`a`.`tanggal` order by `a`.`no_bulan`,`a`.`tanggal` ;

-- --------------------------------------------------------

--
-- Structure for view `v_untung_perpenjualan`
--
DROP TABLE IF EXISTS `v_untung_perpenjualan`;

CREATE ALGORITHM=UNDEFINED DEFINER=`root`@`localhost` SQL SECURITY DEFINER VIEW `v_untung_perpenjualan`  AS  select `c`.`id_penjualan` AS `id_penjualan`,`a`.`id_penjualan_detail` AS `id_penjualan_detail`,`a`.`id_buku` AS `id_buku`,`a`.`jumlah` AS `jumlah`,`c`.`tanggal` AS `tanggal`,(case when ((`b`.`harga_jual` - `b`.`harga_pokok`) < 0) then 0 else (`b`.`harga_jual` - `b`.`harga_pokok`) end) AS `untung_perbuku` from ((`tbl_penjualan_detail` `a` join `tbl_buku` `b` on((`a`.`id_buku` = `b`.`id_buku`))) join `tbl_penjualan` `c` on((`a`.`id_penjualan` = `c`.`id_penjualan`))) order by (case when ((`b`.`harga_jual` - `b`.`harga_pokok`) < 0) then 0 else (`b`.`harga_jual` - `b`.`harga_pokok`) end) ;

--
-- Indexes for dumped tables
--

--
-- Indexes for table `tbl_buku`
--
ALTER TABLE `tbl_buku`
  ADD PRIMARY KEY (`id_buku`),
  ADD KEY `id_diskon` (`diskon`),
  ADD KEY `id_kategori` (`id_kategori`),
  ADD KEY `diskon` (`diskon`);

--
-- Indexes for table `tbl_diskon`
--
ALTER TABLE `tbl_diskon`
  ADD PRIMARY KEY (`diskon`);

--
-- Indexes for table `tbl_distributor`
--
ALTER TABLE `tbl_distributor`
  ADD PRIMARY KEY (`id_distributor`);

--
-- Indexes for table `tbl_kasir`
--
ALTER TABLE `tbl_kasir`
  ADD PRIMARY KEY (`id_kasir`);

--
-- Indexes for table `tbl_kategori`
--
ALTER TABLE `tbl_kategori`
  ADD PRIMARY KEY (`id_kategori`);

--
-- Indexes for table `tbl_pasok`
--
ALTER TABLE `tbl_pasok`
  ADD PRIMARY KEY (`id_pasok`),
  ADD KEY `id_distributor` (`id_distributor`),
  ADD KEY `id_distributor_2` (`id_distributor`),
  ADD KEY `id_buku` (`id_buku`);

--
-- Indexes for table `tbl_penjualan`
--
ALTER TABLE `tbl_penjualan`
  ADD PRIMARY KEY (`id_penjualan`),
  ADD UNIQUE KEY `no_referensi` (`no_referensi`),
  ADD KEY `id_kasir` (`id_kasir`);

--
-- Indexes for table `tbl_penjualan_detail`
--
ALTER TABLE `tbl_penjualan_detail`
  ADD PRIMARY KEY (`id_penjualan_detail`),
  ADD KEY `id_penjualan` (`id_penjualan`,`id_buku`),
  ADD KEY `tbl_penjualan_detail_ibfk_1` (`id_buku`);

--
-- AUTO_INCREMENT for dumped tables
--

--
-- AUTO_INCREMENT for table `tbl_buku`
--
ALTER TABLE `tbl_buku`
  MODIFY `id_buku` int(11) NOT NULL AUTO_INCREMENT, AUTO_INCREMENT=51;
--
-- AUTO_INCREMENT for table `tbl_distributor`
--
ALTER TABLE `tbl_distributor`
  MODIFY `id_distributor` int(11) NOT NULL AUTO_INCREMENT, AUTO_INCREMENT=13;
--
-- AUTO_INCREMENT for table `tbl_kasir`
--
ALTER TABLE `tbl_kasir`
  MODIFY `id_kasir` int(11) NOT NULL AUTO_INCREMENT, AUTO_INCREMENT=31;
--
-- AUTO_INCREMENT for table `tbl_kategori`
--
ALTER TABLE `tbl_kategori`
  MODIFY `id_kategori` int(11) NOT NULL AUTO_INCREMENT, AUTO_INCREMENT=34;
--
-- AUTO_INCREMENT for table `tbl_pasok`
--
ALTER TABLE `tbl_pasok`
  MODIFY `id_pasok` int(11) NOT NULL AUTO_INCREMENT, AUTO_INCREMENT=48;
--
-- AUTO_INCREMENT for table `tbl_penjualan`
--
ALTER TABLE `tbl_penjualan`
  MODIFY `id_penjualan` int(11) NOT NULL AUTO_INCREMENT, AUTO_INCREMENT=145;
--
-- AUTO_INCREMENT for table `tbl_penjualan_detail`
--
ALTER TABLE `tbl_penjualan_detail`
  MODIFY `id_penjualan_detail` int(11) NOT NULL AUTO_INCREMENT, AUTO_INCREMENT=134;
--
-- Constraints for dumped tables
--

--
-- Constraints for table `tbl_buku`
--
ALTER TABLE `tbl_buku`
  ADD CONSTRAINT `tbl_buku_ibfk_1` FOREIGN KEY (`id_kategori`) REFERENCES `tbl_kategori` (`id_kategori`) ON UPDATE CASCADE,
  ADD CONSTRAINT `tbl_buku_ibfk_2` FOREIGN KEY (`diskon`) REFERENCES `tbl_diskon` (`diskon`) ON UPDATE CASCADE;

--
-- Constraints for table `tbl_pasok`
--
ALTER TABLE `tbl_pasok`
  ADD CONSTRAINT `tbl_pasok_ibfk_1` FOREIGN KEY (`id_distributor`) REFERENCES `tbl_distributor` (`id_distributor`) ON UPDATE CASCADE,
  ADD CONSTRAINT `tbl_pasok_ibfk_2` FOREIGN KEY (`id_buku`) REFERENCES `tbl_buku` (`id_buku`) ON UPDATE CASCADE;

--
-- Constraints for table `tbl_penjualan`
--
ALTER TABLE `tbl_penjualan`
  ADD CONSTRAINT `tbl_penjualan_ibfk_1` FOREIGN KEY (`id_kasir`) REFERENCES `tbl_kasir` (`id_kasir`) ON UPDATE CASCADE;

--
-- Constraints for table `tbl_penjualan_detail`
--
ALTER TABLE `tbl_penjualan_detail`
  ADD CONSTRAINT `tbl_penjualan_detail_ibfk_1` FOREIGN KEY (`id_buku`) REFERENCES `tbl_buku` (`id_buku`) ON UPDATE CASCADE,
  ADD CONSTRAINT `tbl_penjualan_detail_ibfk_2` FOREIGN KEY (`id_penjualan`) REFERENCES `tbl_penjualan` (`id_penjualan`) ON UPDATE CASCADE;

/*!40101 SET CHARACTER_SET_CLIENT=@OLD_CHARACTER_SET_CLIENT */;
/*!40101 SET CHARACTER_SET_RESULTS=@OLD_CHARACTER_SET_RESULTS */;
/*!40101 SET COLLATION_CONNECTION=@OLD_COLLATION_CONNECTION */;
